-- phpMyAdmin SQL Dump
-- version 4.8.3
-- https://www.phpmyadmin.net/
--
-- Host: 127.0.0.1
-- Generation Time: Dec 14, 2018 at 09:14 AM
-- Server version: 10.1.35-MariaDB
-- PHP Version: 7.2.9

SET SQL_MODE = "NO_AUTO_VALUE_ON_ZERO";
SET AUTOCOMMIT = 0;
START TRANSACTION;
SET time_zone = "+00:00";


/*!40101 SET @OLD_CHARACTER_SET_CLIENT=@@CHARACTER_SET_CLIENT */;
/*!40101 SET @OLD_CHARACTER_SET_RESULTS=@@CHARACTER_SET_RESULTS */;
/*!40101 SET @OLD_COLLATION_CONNECTION=@@COLLATION_CONNECTION */;
/*!40101 SET NAMES utf8mb4 */;

--
-- Database: `sparrow_airlines`
--

-- --------------------------------------------------------

--
-- Table structure for table `airplanes`
--

CREATE TABLE `airplanes` (
  `id` int(10) UNSIGNED NOT NULL,
  `created_at` timestamp NULL DEFAULT NULL,
  `updated_at` timestamp NULL DEFAULT NULL
) ENGINE=InnoDB DEFAULT CHARSET=utf8mb4 COLLATE=utf8mb4_unicode_ci;

-- --------------------------------------------------------

--
-- Table structure for table `migrations`
--

CREATE TABLE `migrations` (
  `id` int(10) UNSIGNED NOT NULL,
  `migration` varchar(191) COLLATE utf8mb4_unicode_ci NOT NULL,
  `batch` int(11) NOT NULL
) ENGINE=InnoDB DEFAULT CHARSET=utf8mb4 COLLATE=utf8mb4_unicode_ci;

--
-- Dumping data for table `migrations`
--

INSERT INTO `migrations` (`id`, `migration`, `batch`) VALUES
(9, '2014_10_12_000000_create_users_table', 1),
(10, '2014_10_12_100000_create_password_resets_table', 1),
(11, '2018_12_07_041214_create_airplanes_table', 1),
(12, '2016_06_01_000001_create_oauth_auth_codes_table', 2),
(13, '2016_06_01_000002_create_oauth_access_tokens_table', 2),
(14, '2016_06_01_000003_create_oauth_refresh_tokens_table', 2),
(15, '2016_06_01_000004_create_oauth_clients_table', 2),
(16, '2016_06_01_000005_create_oauth_personal_access_clients_table', 2),
(17, '2018_12_09_220433_create_profiles_table', 3),
(18, '2018_12_12_151310_create_seat_types_table', 3),
(19, '2018_12_12_155708_change_seattype', 3);

-- --------------------------------------------------------

--
-- Table structure for table `oauth_access_tokens`
--

CREATE TABLE `oauth_access_tokens` (
  `id` varchar(100) COLLATE utf8mb4_unicode_ci NOT NULL,
  `user_id` int(11) DEFAULT NULL,
  `client_id` int(11) NOT NULL,
  `name` varchar(191) COLLATE utf8mb4_unicode_ci DEFAULT NULL,
  `scopes` text COLLATE utf8mb4_unicode_ci,
  `revoked` tinyint(1) NOT NULL,
  `created_at` timestamp NULL DEFAULT NULL,
  `updated_at` timestamp NULL DEFAULT NULL,
  `expires_at` datetime DEFAULT NULL
) ENGINE=InnoDB DEFAULT CHARSET=utf8mb4 COLLATE=utf8mb4_unicode_ci;

-- --------------------------------------------------------

--
-- Table structure for table `oauth_auth_codes`
--

CREATE TABLE `oauth_auth_codes` (
  `id` varchar(100) COLLATE utf8mb4_unicode_ci NOT NULL,
  `user_id` int(11) NOT NULL,
  `client_id` int(11) NOT NULL,
  `scopes` text COLLATE utf8mb4_unicode_ci,
  `revoked` tinyint(1) NOT NULL,
  `expires_at` datetime DEFAULT NULL
) ENGINE=InnoDB DEFAULT CHARSET=utf8mb4 COLLATE=utf8mb4_unicode_ci;

-- --------------------------------------------------------

--
-- Table structure for table `oauth_clients`
--

CREATE TABLE `oauth_clients` (
  `id` int(10) UNSIGNED NOT NULL,
  `user_id` int(11) DEFAULT NULL,
  `name` varchar(191) COLLATE utf8mb4_unicode_ci NOT NULL,
  `secret` varchar(100) COLLATE utf8mb4_unicode_ci NOT NULL,
  `redirect` text COLLATE utf8mb4_unicode_ci NOT NULL,
  `personal_access_client` tinyint(1) NOT NULL,
  `password_client` tinyint(1) NOT NULL,
  `revoked` tinyint(1) NOT NULL,
  `created_at` timestamp NULL DEFAULT NULL,
  `updated_at` timestamp NULL DEFAULT NULL
) ENGINE=InnoDB DEFAULT CHARSET=utf8mb4 COLLATE=utf8mb4_unicode_ci;

-- --------------------------------------------------------

--
-- Table structure for table `oauth_personal_access_clients`
--

CREATE TABLE `oauth_personal_access_clients` (
  `id` int(10) UNSIGNED NOT NULL,
  `client_id` int(11) NOT NULL,
  `created_at` timestamp NULL DEFAULT NULL,
  `updated_at` timestamp NULL DEFAULT NULL
) ENGINE=InnoDB DEFAULT CHARSET=utf8mb4 COLLATE=utf8mb4_unicode_ci;

-- --------------------------------------------------------

--
-- Table structure for table `oauth_refresh_tokens`
--

CREATE TABLE `oauth_refresh_tokens` (
  `id` varchar(100) COLLATE utf8mb4_unicode_ci NOT NULL,
  `access_token_id` varchar(100) COLLATE utf8mb4_unicode_ci NOT NULL,
  `revoked` tinyint(1) NOT NULL,
  `expires_at` datetime DEFAULT NULL
) ENGINE=InnoDB DEFAULT CHARSET=utf8mb4 COLLATE=utf8mb4_unicode_ci;

-- --------------------------------------------------------

--
-- Table structure for table `password_resets`
--

CREATE TABLE `password_resets` (
  `email` varchar(191) COLLATE utf8mb4_unicode_ci NOT NULL,
  `token` varchar(191) COLLATE utf8mb4_unicode_ci NOT NULL,
  `created_at` timestamp NULL DEFAULT NULL
) ENGINE=InnoDB DEFAULT CHARSET=utf8mb4 COLLATE=utf8mb4_unicode_ci;

-- --------------------------------------------------------

--
-- Table structure for table `profiles`
--

CREATE TABLE `profiles` (
  `id` int(10) UNSIGNED NOT NULL,
  `created_at` timestamp NULL DEFAULT NULL,
  `updated_at` timestamp NULL DEFAULT NULL
) ENGINE=InnoDB DEFAULT CHARSET=utf8mb4 COLLATE=utf8mb4_unicode_ci;

-- --------------------------------------------------------

--
-- Table structure for table `seats`
--

CREATE TABLE `seats` (
  `id` int(11) NOT NULL,
  `aisle` varchar(2) NOT NULL,
  `row` int(11) NOT NULL,
  `seatTypeId` int(11) NOT NULL,
  `isOpen` tinyint(1) NOT NULL DEFAULT '1',
  `price` double NOT NULL,
  `created_at` datetime NOT NULL,
  `updated_at` datetime NOT NULL,
  `user_id` int(11) DEFAULT NULL
) ENGINE=InnoDB DEFAULT CHARSET=latin1;

--
-- Dumping data for table `seats`
--

INSERT INTO `seats` (`id`, `aisle`, `row`, `seatTypeId`, `isOpen`, `price`, `created_at`, `updated_at`, `user_id`) VALUES
(1, 'A', 1, 1, 1, 355, '2018-12-14 08:12:40', '2018-12-14 08:12:40', NULL),
(2, 'B', 1, 1, 1, 355, '2018-12-14 08:12:40', '2018-12-14 08:12:40', NULL),
(3, 'C', 1, 1, 1, 355, '2018-12-14 08:12:40', '2018-12-14 08:12:40', NULL),
(4, 'D', 1, 1, 1, 355, '2018-12-14 08:12:40', '2018-12-14 08:12:40', NULL),
(5, 'A', 2, 1, 1, 355, '2018-12-14 08:12:40', '2018-12-14 08:12:40', NULL),
(6, 'B', 2, 1, 1, 355, '2018-12-14 08:12:40', '2018-12-14 08:12:40', NULL),
(7, 'C', 2, 1, 1, 355, '2018-12-14 08:12:40', '2018-12-14 08:12:40', NULL),
(8, 'D', 2, 1, 1, 355, '2018-12-14 08:12:40', '2018-12-14 08:12:40', NULL),
(9, 'A', 3, 1, 1, 355, '2018-12-14 08:12:40', '2018-12-14 08:12:40', NULL),
(10, 'B', 3, 1, 1, 355, '2018-12-14 08:12:40', '2018-12-14 08:12:40', NULL),
(11, 'C', 3, 1, 1, 355, '2018-12-14 08:12:40', '2018-12-14 08:12:40', NULL),
(12, 'D', 3, 1, 1, 355, '2018-12-14 08:12:40', '2018-12-14 08:12:40', NULL),
(13, 'A', 4, 1, 1, 355, '2018-12-14 08:12:40', '2018-12-14 08:12:40', NULL),
(14, 'B', 4, 1, 1, 355, '2018-12-14 08:12:40', '2018-12-14 08:12:40', NULL),
(15, 'C', 4, 1, 1, 355, '2018-12-14 08:12:40', '2018-12-14 08:12:40', NULL),
(16, 'D', 4, 1, 1, 355, '2018-12-14 08:12:40', '2018-12-14 08:12:40', NULL),
(17, 'A', 5, 2, 1, 279, '2018-12-14 08:12:40', '2018-12-14 08:12:40', NULL),
(18, 'B', 5, 2, 1, 279, '2018-12-14 08:12:40', '2018-12-14 08:12:40', NULL),
(19, 'C', 5, 2, 1, 279, '2018-12-14 08:12:40', '2018-12-14 08:12:40', NULL),
(20, 'D', 5, 2, 1, 279, '2018-12-14 08:12:40', '2018-12-14 08:12:40', NULL),
(21, 'E', 5, 2, 1, 279, '2018-12-14 08:12:40', '2018-12-14 08:12:40', NULL),
(22, 'F', 5, 2, 1, 279, '2018-12-14 08:12:40', '2018-12-14 08:12:40', NULL),
(23, 'A', 6, 2, 1, 279, '2018-12-14 08:12:40', '2018-12-14 08:12:40', NULL),
(24, 'B', 6, 2, 1, 279, '2018-12-14 08:12:40', '2018-12-14 08:12:40', NULL),
(25, 'C', 6, 2, 1, 279, '2018-12-14 08:12:40', '2018-12-14 08:12:40', NULL),
(26, 'D', 6, 2, 1, 279, '2018-12-14 08:12:40', '2018-12-14 08:12:40', NULL),
(27, 'E', 6, 2, 1, 279, '2018-12-14 08:12:40', '2018-12-14 08:12:40', NULL),
(28, 'F', 6, 2, 1, 279, '2018-12-14 08:12:40', '2018-12-14 08:12:40', NULL),
(29, 'A', 7, 2, 1, 279, '2018-12-14 08:12:40', '2018-12-14 08:12:40', NULL),
(30, 'B', 7, 2, 1, 279, '2018-12-14 08:12:40', '2018-12-14 08:12:40', NULL),
(31, 'C', 7, 2, 1, 279, '2018-12-14 08:12:40', '2018-12-14 08:12:40', NULL),
(32, 'D', 7, 2, 1, 279, '2018-12-14 08:12:40', '2018-12-14 08:12:40', NULL),
(33, 'E', 7, 2, 1, 279, '2018-12-14 08:12:40', '2018-12-14 08:12:40', NULL),
(34, 'F', 7, 2, 1, 279, '2018-12-14 08:12:40', '2018-12-14 08:12:40', NULL),
(35, 'A', 8, 2, 1, 279, '2018-12-14 08:12:40', '2018-12-14 08:12:40', NULL),
(36, 'B', 8, 2, 1, 279, '2018-12-14 08:12:40', '2018-12-14 08:12:40', NULL),
(37, 'C', 8, 2, 1, 279, '2018-12-14 08:12:40', '2018-12-14 08:12:40', NULL),
(38, 'D', 8, 2, 1, 279, '2018-12-14 08:12:40', '2018-12-14 08:12:40', NULL),
(39, 'E', 8, 2, 1, 279, '2018-12-14 08:12:40', '2018-12-14 08:12:40', NULL),
(40, 'F', 8, 2, 1, 279, '2018-12-14 08:12:40', '2018-12-14 08:12:40', NULL),
(41, 'A', 9, 2, 1, 279, '2018-12-14 08:12:40', '2018-12-14 08:12:40', NULL),
(42, 'B', 9, 2, 1, 279, '2018-12-14 08:12:40', '2018-12-14 08:12:40', NULL),
(43, 'C', 9, 2, 1, 279, '2018-12-14 08:12:40', '2018-12-14 08:12:40', NULL),
(44, 'D', 9, 2, 1, 279, '2018-12-14 08:12:40', '2018-12-14 08:12:40', NULL),
(45, 'E', 9, 2, 1, 279, '2018-12-14 08:12:40', '2018-12-14 08:12:40', NULL),
(46, 'F', 9, 2, 1, 279, '2018-12-14 08:12:40', '2018-12-14 08:12:40', NULL),
(47, 'A', 10, 2, 1, 279, '2018-12-14 08:12:40', '2018-12-14 08:12:40', NULL),
(48, 'B', 10, 2, 1, 279, '2018-12-14 08:12:40', '2018-12-14 08:12:40', NULL),
(49, 'C', 10, 2, 1, 279, '2018-12-14 08:12:40', '2018-12-14 08:12:40', NULL),
(50, 'D', 10, 2, 1, 279, '2018-12-14 08:12:40', '2018-12-14 08:12:40', NULL),
(51, 'E', 10, 2, 1, 279, '2018-12-14 08:12:40', '2018-12-14 08:12:40', NULL),
(52, 'F', 10, 2, 1, 279, '2018-12-14 08:12:40', '2018-12-14 08:12:40', NULL),
(53, 'A', 11, 3, 1, 223, '2018-12-14 08:12:40', '2018-12-14 08:12:40', NULL),
(54, 'B', 11, 3, 1, 223, '2018-12-14 08:12:40', '2018-12-14 08:12:40', NULL),
(55, 'C', 11, 3, 1, 223, '2018-12-14 08:12:40', '2018-12-14 08:12:40', NULL),
(56, 'D', 11, 3, 1, 223, '2018-12-14 08:12:40', '2018-12-14 08:12:40', NULL),
(57, 'E', 11, 3, 1, 223, '2018-12-14 08:12:40', '2018-12-14 08:12:40', NULL),
(58, 'F', 11, 3, 1, 223, '2018-12-14 08:12:40', '2018-12-14 08:12:40', NULL),
(59, 'A', 12, 3, 1, 223, '2018-12-14 08:12:40', '2018-12-14 08:12:40', NULL),
(60, 'B', 12, 3, 1, 223, '2018-12-14 08:12:40', '2018-12-14 08:12:40', NULL),
(61, 'C', 12, 3, 1, 223, '2018-12-14 08:12:40', '2018-12-14 08:12:40', NULL),
(62, 'D', 12, 3, 1, 223, '2018-12-14 08:12:40', '2018-12-14 08:12:40', NULL),
(63, 'E', 12, 3, 1, 223, '2018-12-14 08:12:40', '2018-12-14 08:12:40', NULL),
(64, 'F', 12, 3, 1, 223, '2018-12-14 08:12:40', '2018-12-14 08:12:40', NULL),
(65, 'A', 13, 3, 1, 223, '2018-12-14 08:12:40', '2018-12-14 08:12:40', NULL),
(66, 'B', 13, 3, 1, 223, '2018-12-14 08:12:40', '2018-12-14 08:12:40', NULL),
(67, 'C', 13, 3, 1, 223, '2018-12-14 08:12:40', '2018-12-14 08:12:40', NULL),
(68, 'D', 13, 3, 1, 223, '2018-12-14 08:12:40', '2018-12-14 08:12:40', NULL),
(69, 'E', 13, 3, 1, 223, '2018-12-14 08:12:40', '2018-12-14 08:12:40', NULL),
(70, 'F', 13, 3, 1, 223, '2018-12-14 08:12:40', '2018-12-14 08:12:40', NULL),
(71, 'A', 14, 3, 1, 223, '2018-12-14 08:12:40', '2018-12-14 08:12:40', NULL),
(72, 'B', 14, 3, 1, 223, '2018-12-14 08:12:40', '2018-12-14 08:12:40', NULL),
(73, 'C', 14, 3, 1, 223, '2018-12-14 08:12:40', '2018-12-14 08:12:40', NULL),
(74, 'D', 14, 3, 1, 223, '2018-12-14 08:12:40', '2018-12-14 08:12:40', NULL),
(75, 'E', 14, 3, 1, 223, '2018-12-14 08:12:40', '2018-12-14 08:12:40', NULL),
(76, 'F', 14, 3, 1, 223, '2018-12-14 08:12:40', '2018-12-14 08:12:40', NULL),
(77, 'A', 15, 3, 1, 223, '2018-12-14 08:12:40', '2018-12-14 08:12:40', NULL),
(78, 'B', 15, 3, 1, 223, '2018-12-14 08:12:40', '2018-12-14 08:12:40', NULL),
(79, 'C', 15, 3, 1, 223, '2018-12-14 08:12:40', '2018-12-14 08:12:40', NULL),
(80, 'D', 15, 3, 1, 223, '2018-12-14 08:12:40', '2018-12-14 08:12:40', NULL),
(81, 'E', 15, 3, 1, 223, '2018-12-14 08:12:40', '2018-12-14 08:12:40', NULL),
(82, 'F', 15, 3, 1, 223, '2018-12-14 08:12:40', '2018-12-14 08:12:40', NULL),
(83, 'A', 16, 3, 1, 223, '2018-12-14 08:12:40', '2018-12-14 08:12:40', NULL),
(84, 'B', 16, 3, 1, 223, '2018-12-14 08:12:40', '2018-12-14 08:12:40', NULL),
(85, 'C', 16, 3, 1, 223, '2018-12-14 08:12:40', '2018-12-14 08:12:40', NULL),
(86, 'D', 16, 3, 1, 223, '2018-12-14 08:12:40', '2018-12-14 08:12:40', NULL),
(87, 'E', 16, 3, 1, 223, '2018-12-14 08:12:40', '2018-12-14 08:12:40', NULL),
(88, 'F', 16, 3, 1, 223, '2018-12-14 08:12:40', '2018-12-14 08:12:40', NULL),
(89, 'A', 17, 3, 1, 223, '2018-12-14 08:12:40', '2018-12-14 08:12:40', NULL),
(90, 'B', 17, 3, 1, 223, '2018-12-14 08:12:40', '2018-12-14 08:12:40', NULL),
(91, 'C', 17, 3, 1, 223, '2018-12-14 08:12:40', '2018-12-14 08:12:40', NULL),
(92, 'D', 17, 3, 1, 223, '2018-12-14 08:12:40', '2018-12-14 08:12:40', NULL),
(93, 'E', 17, 3, 1, 223, '2018-12-14 08:12:40', '2018-12-14 08:12:40', NULL),
(94, 'F', 17, 3, 1, 223, '2018-12-14 08:12:40', '2018-12-14 08:12:40', NULL),
(95, 'A', 18, 3, 1, 223, '2018-12-14 08:12:40', '2018-12-14 08:12:40', NULL),
(96, 'B', 18, 3, 1, 223, '2018-12-14 08:12:40', '2018-12-14 08:12:40', NULL),
(97, 'C', 18, 3, 1, 223, '2018-12-14 08:12:40', '2018-12-14 08:12:40', NULL),
(98, 'D', 18, 3, 1, 223, '2018-12-14 08:12:40', '2018-12-14 08:12:40', NULL),
(99, 'E', 18, 3, 1, 223, '2018-12-14 08:12:40', '2018-12-14 08:12:40', NULL),
(100, 'F', 18, 3, 1, 223, '2018-12-14 08:12:40', '2018-12-14 08:12:40', NULL),
(101, 'A', 19, 3, 1, 223, '2018-12-14 08:12:40', '2018-12-14 08:12:40', NULL),
(102, 'B', 19, 3, 1, 223, '2018-12-14 08:12:40', '2018-12-14 08:12:40', NULL),
(103, 'C', 19, 3, 1, 223, '2018-12-14 08:12:40', '2018-12-14 08:12:40', NULL),
(104, 'D', 19, 3, 1, 223, '2018-12-14 08:12:40', '2018-12-14 08:12:40', NULL),
(105, 'E', 19, 3, 1, 223, '2018-12-14 08:12:40', '2018-12-14 08:12:40', NULL),
(106, 'F', 19, 3, 1, 223, '2018-12-14 08:12:40', '2018-12-14 08:12:40', NULL),
(107, 'A', 20, 3, 1, 223, '2018-12-14 08:12:40', '2018-12-14 08:12:40', NULL),
(108, 'B', 20, 3, 1, 223, '2018-12-14 08:12:40', '2018-12-14 08:12:40', NULL),
(109, 'C', 20, 3, 1, 223, '2018-12-14 08:12:40', '2018-12-14 08:12:40', NULL),
(110, 'D', 20, 3, 1, 223, '2018-12-14 08:12:40', '2018-12-14 08:12:40', NULL),
(111, 'E', 20, 3, 1, 223, '2018-12-14 08:12:40', '2018-12-14 08:12:40', NULL),
(112, 'F', 20, 3, 1, 223, '2018-12-14 08:12:40', '2018-12-14 08:12:40', NULL),
(113, 'A', 21, 3, 1, 223, '2018-12-14 08:12:40', '2018-12-14 08:12:40', NULL),
(114, 'B', 21, 3, 1, 223, '2018-12-14 08:12:40', '2018-12-14 08:12:40', NULL),
(115, 'C', 21, 3, 1, 223, '2018-12-14 08:12:40', '2018-12-14 08:12:40', NULL),
(116, 'D', 21, 3, 1, 223, '2018-12-14 08:12:40', '2018-12-14 08:12:40', NULL),
(117, 'E', 21, 3, 1, 223, '2018-12-14 08:12:40', '2018-12-14 08:12:40', NULL),
(118, 'F', 21, 3, 1, 223, '2018-12-14 08:12:40', '2018-12-14 08:12:40', NULL),
(119, 'A', 22, 3, 1, 223, '2018-12-14 08:12:40', '2018-12-14 08:12:40', NULL),
(120, 'B', 22, 3, 1, 223, '2018-12-14 08:12:40', '2018-12-14 08:12:40', NULL),
(121, 'C', 22, 3, 1, 223, '2018-12-14 08:12:40', '2018-12-14 08:12:40', NULL),
(122, 'D', 22, 3, 1, 223, '2018-12-14 08:12:40', '2018-12-14 08:12:40', NULL),
(123, 'E', 22, 3, 1, 223, '2018-12-14 08:12:40', '2018-12-14 08:12:40', NULL),
(124, 'F', 22, 3, 1, 223, '2018-12-14 08:12:40', '2018-12-14 08:12:40', NULL),
(125, 'A', 23, 3, 1, 223, '2018-12-14 08:12:40', '2018-12-14 08:12:40', NULL),
(126, 'B', 23, 3, 1, 223, '2018-12-14 08:12:40', '2018-12-14 08:12:40', NULL),
(127, 'C', 23, 3, 1, 223, '2018-12-14 08:12:40', '2018-12-14 08:12:40', NULL),
(128, 'D', 23, 3, 1, 223, '2018-12-14 08:12:40', '2018-12-14 08:12:40', NULL),
(129, 'E', 23, 3, 1, 223, '2018-12-14 08:12:40', '2018-12-14 08:12:40', NULL),
(130, 'F', 23, 3, 1, 223, '2018-12-14 08:12:40', '2018-12-14 08:12:40', NULL),
(131, 'A', 24, 3, 1, 223, '2018-12-14 08:12:40', '2018-12-14 08:12:40', NULL),
(132, 'B', 24, 3, 1, 223, '2018-12-14 08:12:40', '2018-12-14 08:12:40', NULL),
(133, 'C', 24, 3, 1, 223, '2018-12-14 08:12:40', '2018-12-14 08:12:40', NULL),
(134, 'D', 24, 3, 1, 223, '2018-12-14 08:12:40', '2018-12-14 08:12:40', NULL),
(135, 'E', 24, 3, 1, 223, '2018-12-14 08:12:40', '2018-12-14 08:12:40', NULL),
(136, 'F', 24, 3, 1, 223, '2018-12-14 08:12:40', '2018-12-14 08:12:40', NULL),
(137, 'A', 25, 3, 1, 223, '2018-12-14 08:12:40', '2018-12-14 08:12:40', NULL),
(138, 'B', 25, 3, 1, 223, '2018-12-14 08:12:40', '2018-12-14 08:12:40', NULL),
(139, 'C', 25, 3, 1, 223, '2018-12-14 08:12:40', '2018-12-14 08:12:40', NULL),
(140, 'D', 25, 3, 1, 223, '2018-12-14 08:12:40', '2018-12-14 08:12:40', NULL),
(141, 'E', 25, 3, 1, 223, '2018-12-14 08:12:40', '2018-12-14 08:12:40', NULL),
(142, 'F', 25, 3, 1, 223, '2018-12-14 08:12:40', '2018-12-14 08:12:40', NULL),
(143, 'A', 26, 3, 1, 223, '2018-12-14 08:12:40', '2018-12-14 08:12:40', NULL),
(144, 'B', 26, 3, 1, 223, '2018-12-14 08:12:40', '2018-12-14 08:12:40', NULL),
(145, 'C', 26, 3, 1, 223, '2018-12-14 08:12:40', '2018-12-14 08:12:40', NULL),
(146, 'D', 26, 3, 1, 223, '2018-12-14 08:12:40', '2018-12-14 08:12:40', NULL),
(147, 'E', 26, 3, 1, 223, '2018-12-14 08:12:40', '2018-12-14 08:12:40', NULL),
(148, 'F', 26, 3, 1, 223, '2018-12-14 08:12:40', '2018-12-14 08:12:40', NULL),
(149, 'A', 27, 3, 1, 223, '2018-12-14 08:12:40', '2018-12-14 08:12:40', NULL),
(150, 'B', 27, 3, 1, 223, '2018-12-14 08:12:40', '2018-12-14 08:12:40', NULL),
(151, 'C', 27, 3, 1, 223, '2018-12-14 08:12:40', '2018-12-14 08:12:40', NULL),
(152, 'D', 27, 3, 1, 223, '2018-12-14 08:12:40', '2018-12-14 08:12:40', NULL),
(153, 'E', 27, 3, 1, 223, '2018-12-14 08:12:40', '2018-12-14 08:12:40', NULL),
(154, 'F', 27, 3, 1, 223, '2018-12-14 08:12:40', '2018-12-14 08:12:40', NULL),
(155, 'A', 28, 3, 1, 223, '2018-12-14 08:12:40', '2018-12-14 08:12:40', NULL),
(156, 'B', 28, 3, 1, 223, '2018-12-14 08:12:40', '2018-12-14 08:12:40', NULL),
(157, 'C', 28, 3, 1, 223, '2018-12-14 08:12:40', '2018-12-14 08:12:40', NULL),
(158, 'D', 28, 3, 1, 223, '2018-12-14 08:12:40', '2018-12-14 08:12:40', NULL),
(159, 'E', 28, 3, 1, 223, '2018-12-14 08:12:40', '2018-12-14 08:12:40', NULL),
(160, 'F', 28, 3, 1, 223, '2018-12-14 08:12:40', '2018-12-14 08:12:40', NULL),
(161, 'A', 29, 3, 1, 223, '2018-12-14 08:12:40', '2018-12-14 08:12:40', NULL),
(162, 'B', 29, 3, 1, 223, '2018-12-14 08:12:40', '2018-12-14 08:12:40', NULL),
(163, 'C', 29, 3, 1, 223, '2018-12-14 08:12:40', '2018-12-14 08:12:40', NULL),
(164, 'D', 29, 3, 1, 223, '2018-12-14 08:12:40', '2018-12-14 08:12:40', NULL),
(165, 'E', 29, 3, 1, 223, '2018-12-14 08:12:40', '2018-12-14 08:12:40', NULL),
(166, 'F', 29, 3, 1, 223, '2018-12-14 08:12:40', '2018-12-14 08:12:40', NULL),
(167, 'A', 30, 3, 1, 223, '2018-12-14 08:12:40', '2018-12-14 08:12:40', NULL),
(168, 'B', 30, 3, 1, 223, '2018-12-14 08:12:40', '2018-12-14 08:12:40', NULL),
(169, 'C', 30, 3, 1, 223, '2018-12-14 08:12:40', '2018-12-14 08:12:40', NULL),
(170, 'D', 30, 3, 1, 223, '2018-12-14 08:12:40', '2018-12-14 08:12:40', NULL),
(171, 'E', 30, 3, 1, 223, '2018-12-14 08:12:40', '2018-12-14 08:12:40', NULL),
(172, 'F', 30, 3, 1, 223, '2018-12-14 08:12:40', '2018-12-14 08:12:40', NULL),
(173, 'A', 1, 1, 1, 355, '2018-12-14 08:14:12', '2018-12-14 08:14:12', NULL),
(174, 'B', 1, 1, 1, 355, '2018-12-14 08:14:12', '2018-12-14 08:14:12', NULL),
(175, 'C', 1, 1, 1, 355, '2018-12-14 08:14:12', '2018-12-14 08:14:12', NULL),
(176, 'D', 1, 1, 1, 355, '2018-12-14 08:14:12', '2018-12-14 08:14:12', NULL),
(177, 'A', 2, 1, 1, 355, '2018-12-14 08:14:12', '2018-12-14 08:14:12', NULL),
(178, 'B', 2, 1, 1, 355, '2018-12-14 08:14:12', '2018-12-14 08:14:12', NULL),
(179, 'C', 2, 1, 1, 355, '2018-12-14 08:14:12', '2018-12-14 08:14:12', NULL),
(180, 'D', 2, 1, 1, 355, '2018-12-14 08:14:12', '2018-12-14 08:14:12', NULL),
(181, 'A', 3, 1, 1, 355, '2018-12-14 08:14:12', '2018-12-14 08:14:12', NULL),
(182, 'B', 3, 1, 1, 355, '2018-12-14 08:14:12', '2018-12-14 08:14:12', NULL),
(183, 'C', 3, 1, 1, 355, '2018-12-14 08:14:12', '2018-12-14 08:14:12', NULL),
(184, 'D', 3, 1, 1, 355, '2018-12-14 08:14:12', '2018-12-14 08:14:12', NULL),
(185, 'A', 4, 1, 1, 355, '2018-12-14 08:14:12', '2018-12-14 08:14:12', NULL),
(186, 'B', 4, 1, 1, 355, '2018-12-14 08:14:12', '2018-12-14 08:14:12', NULL),
(187, 'C', 4, 1, 1, 355, '2018-12-14 08:14:12', '2018-12-14 08:14:12', NULL),
(188, 'D', 4, 1, 1, 355, '2018-12-14 08:14:12', '2018-12-14 08:14:12', NULL),
(189, 'A', 5, 2, 1, 279, '2018-12-14 08:14:12', '2018-12-14 08:14:12', NULL),
(190, 'B', 5, 2, 1, 279, '2018-12-14 08:14:12', '2018-12-14 08:14:12', NULL),
(191, 'C', 5, 2, 1, 279, '2018-12-14 08:14:12', '2018-12-14 08:14:12', NULL),
(192, 'D', 5, 2, 1, 279, '2018-12-14 08:14:12', '2018-12-14 08:14:12', NULL),
(193, 'E', 5, 2, 1, 279, '2018-12-14 08:14:12', '2018-12-14 08:14:12', NULL),
(194, 'F', 5, 2, 1, 279, '2018-12-14 08:14:12', '2018-12-14 08:14:12', NULL),
(195, 'A', 6, 2, 1, 279, '2018-12-14 08:14:12', '2018-12-14 08:14:12', NULL),
(196, 'B', 6, 2, 1, 279, '2018-12-14 08:14:12', '2018-12-14 08:14:12', NULL),
(197, 'C', 6, 2, 1, 279, '2018-12-14 08:14:12', '2018-12-14 08:14:12', NULL),
(198, 'D', 6, 2, 1, 279, '2018-12-14 08:14:12', '2018-12-14 08:14:12', NULL),
(199, 'E', 6, 2, 1, 279, '2018-12-14 08:14:12', '2018-12-14 08:14:12', NULL),
(200, 'F', 6, 2, 1, 279, '2018-12-14 08:14:12', '2018-12-14 08:14:12', NULL),
(201, 'A', 7, 2, 1, 279, '2018-12-14 08:14:12', '2018-12-14 08:14:12', NULL),
(202, 'B', 7, 2, 1, 279, '2018-12-14 08:14:12', '2018-12-14 08:14:12', NULL),
(203, 'C', 7, 2, 1, 279, '2018-12-14 08:14:12', '2018-12-14 08:14:12', NULL),
(204, 'D', 7, 2, 1, 279, '2018-12-14 08:14:12', '2018-12-14 08:14:12', NULL),
(205, 'E', 7, 2, 1, 279, '2018-12-14 08:14:12', '2018-12-14 08:14:12', NULL),
(206, 'F', 7, 2, 1, 279, '2018-12-14 08:14:12', '2018-12-14 08:14:12', NULL),
(207, 'A', 8, 2, 1, 279, '2018-12-14 08:14:12', '2018-12-14 08:14:12', NULL),
(208, 'B', 8, 2, 1, 279, '2018-12-14 08:14:12', '2018-12-14 08:14:12', NULL),
(209, 'C', 8, 2, 1, 279, '2018-12-14 08:14:12', '2018-12-14 08:14:12', NULL),
(210, 'D', 8, 2, 1, 279, '2018-12-14 08:14:12', '2018-12-14 08:14:12', NULL),
(211, 'E', 8, 2, 1, 279, '2018-12-14 08:14:12', '2018-12-14 08:14:12', NULL),
(212, 'F', 8, 2, 1, 279, '2018-12-14 08:14:12', '2018-12-14 08:14:12', NULL),
(213, 'A', 9, 2, 1, 279, '2018-12-14 08:14:12', '2018-12-14 08:14:12', NULL),
(214, 'B', 9, 2, 1, 279, '2018-12-14 08:14:12', '2018-12-14 08:14:12', NULL),
(215, 'C', 9, 2, 1, 279, '2018-12-14 08:14:12', '2018-12-14 08:14:12', NULL),
(216, 'D', 9, 2, 1, 279, '2018-12-14 08:14:12', '2018-12-14 08:14:12', NULL),
(217, 'E', 9, 2, 1, 279, '2018-12-14 08:14:12', '2018-12-14 08:14:12', NULL),
(218, 'F', 9, 2, 1, 279, '2018-12-14 08:14:12', '2018-12-14 08:14:12', NULL),
(219, 'A', 10, 2, 1, 279, '2018-12-14 08:14:12', '2018-12-14 08:14:12', NULL),
(220, 'B', 10, 2, 1, 279, '2018-12-14 08:14:12', '2018-12-14 08:14:12', NULL),
(221, 'C', 10, 2, 1, 279, '2018-12-14 08:14:12', '2018-12-14 08:14:12', NULL),
(222, 'D', 10, 2, 1, 279, '2018-12-14 08:14:12', '2018-12-14 08:14:12', NULL),
(223, 'E', 10, 2, 1, 279, '2018-12-14 08:14:12', '2018-12-14 08:14:12', NULL),
(224, 'F', 10, 2, 1, 279, '2018-12-14 08:14:12', '2018-12-14 08:14:12', NULL),
(225, 'A', 11, 3, 1, 223, '2018-12-14 08:14:12', '2018-12-14 08:14:12', NULL),
(226, 'B', 11, 3, 1, 223, '2018-12-14 08:14:12', '2018-12-14 08:14:12', NULL),
(227, 'C', 11, 3, 1, 223, '2018-12-14 08:14:12', '2018-12-14 08:14:12', NULL),
(228, 'D', 11, 3, 1, 223, '2018-12-14 08:14:12', '2018-12-14 08:14:12', NULL),
(229, 'E', 11, 3, 1, 223, '2018-12-14 08:14:12', '2018-12-14 08:14:12', NULL),
(230, 'F', 11, 3, 1, 223, '2018-12-14 08:14:12', '2018-12-14 08:14:12', NULL),
(231, 'A', 12, 3, 1, 223, '2018-12-14 08:14:12', '2018-12-14 08:14:12', NULL),
(232, 'B', 12, 3, 1, 223, '2018-12-14 08:14:12', '2018-12-14 08:14:12', NULL),
(233, 'C', 12, 3, 1, 223, '2018-12-14 08:14:12', '2018-12-14 08:14:12', NULL),
(234, 'D', 12, 3, 1, 223, '2018-12-14 08:14:12', '2018-12-14 08:14:12', NULL),
(235, 'E', 12, 3, 1, 223, '2018-12-14 08:14:12', '2018-12-14 08:14:12', NULL),
(236, 'F', 12, 3, 1, 223, '2018-12-14 08:14:12', '2018-12-14 08:14:12', NULL),
(237, 'A', 13, 3, 1, 223, '2018-12-14 08:14:12', '2018-12-14 08:14:12', NULL),
(238, 'B', 13, 3, 1, 223, '2018-12-14 08:14:12', '2018-12-14 08:14:12', NULL),
(239, 'C', 13, 3, 1, 223, '2018-12-14 08:14:12', '2018-12-14 08:14:12', NULL),
(240, 'D', 13, 3, 1, 223, '2018-12-14 08:14:12', '2018-12-14 08:14:12', NULL),
(241, 'E', 13, 3, 1, 223, '2018-12-14 08:14:12', '2018-12-14 08:14:12', NULL),
(242, 'F', 13, 3, 1, 223, '2018-12-14 08:14:12', '2018-12-14 08:14:12', NULL),
(243, 'A', 14, 3, 1, 223, '2018-12-14 08:14:12', '2018-12-14 08:14:12', NULL),
(244, 'B', 14, 3, 1, 223, '2018-12-14 08:14:12', '2018-12-14 08:14:12', NULL),
(245, 'C', 14, 3, 1, 223, '2018-12-14 08:14:12', '2018-12-14 08:14:12', NULL),
(246, 'D', 14, 3, 1, 223, '2018-12-14 08:14:12', '2018-12-14 08:14:12', NULL),
(247, 'E', 14, 3, 1, 223, '2018-12-14 08:14:12', '2018-12-14 08:14:12', NULL),
(248, 'F', 14, 3, 1, 223, '2018-12-14 08:14:12', '2018-12-14 08:14:12', NULL),
(249, 'A', 15, 3, 1, 223, '2018-12-14 08:14:12', '2018-12-14 08:14:12', NULL),
(250, 'B', 15, 3, 1, 223, '2018-12-14 08:14:12', '2018-12-14 08:14:12', NULL),
(251, 'C', 15, 3, 1, 223, '2018-12-14 08:14:12', '2018-12-14 08:14:12', NULL),
(252, 'D', 15, 3, 1, 223, '2018-12-14 08:14:12', '2018-12-14 08:14:12', NULL),
(253, 'E', 15, 3, 1, 223, '2018-12-14 08:14:12', '2018-12-14 08:14:12', NULL),
(254, 'F', 15, 3, 1, 223, '2018-12-14 08:14:12', '2018-12-14 08:14:12', NULL),
(255, 'A', 16, 3, 1, 223, '2018-12-14 08:14:12', '2018-12-14 08:14:12', NULL),
(256, 'B', 16, 3, 1, 223, '2018-12-14 08:14:12', '2018-12-14 08:14:12', NULL),
(257, 'C', 16, 3, 1, 223, '2018-12-14 08:14:13', '2018-12-14 08:14:13', NULL),
(258, 'D', 16, 3, 1, 223, '2018-12-14 08:14:13', '2018-12-14 08:14:13', NULL),
(259, 'E', 16, 3, 1, 223, '2018-12-14 08:14:13', '2018-12-14 08:14:13', NULL),
(260, 'F', 16, 3, 1, 223, '2018-12-14 08:14:13', '2018-12-14 08:14:13', NULL),
(261, 'A', 17, 3, 1, 223, '2018-12-14 08:14:13', '2018-12-14 08:14:13', NULL),
(262, 'B', 17, 3, 1, 223, '2018-12-14 08:14:13', '2018-12-14 08:14:13', NULL),
(263, 'C', 17, 3, 1, 223, '2018-12-14 08:14:13', '2018-12-14 08:14:13', NULL),
(264, 'D', 17, 3, 1, 223, '2018-12-14 08:14:13', '2018-12-14 08:14:13', NULL),
(265, 'E', 17, 3, 1, 223, '2018-12-14 08:14:13', '2018-12-14 08:14:13', NULL),
(266, 'F', 17, 3, 1, 223, '2018-12-14 08:14:13', '2018-12-14 08:14:13', NULL),
(267, 'A', 18, 3, 1, 223, '2018-12-14 08:14:13', '2018-12-14 08:14:13', NULL),
(268, 'B', 18, 3, 1, 223, '2018-12-14 08:14:13', '2018-12-14 08:14:13', NULL),
(269, 'C', 18, 3, 1, 223, '2018-12-14 08:14:13', '2018-12-14 08:14:13', NULL),
(270, 'D', 18, 3, 1, 223, '2018-12-14 08:14:13', '2018-12-14 08:14:13', NULL),
(271, 'E', 18, 3, 1, 223, '2018-12-14 08:14:13', '2018-12-14 08:14:13', NULL),
(272, 'F', 18, 3, 1, 223, '2018-12-14 08:14:13', '2018-12-14 08:14:13', NULL),
(273, 'A', 19, 3, 1, 223, '2018-12-14 08:14:13', '2018-12-14 08:14:13', NULL),
(274, 'B', 19, 3, 1, 223, '2018-12-14 08:14:13', '2018-12-14 08:14:13', NULL),
(275, 'C', 19, 3, 1, 223, '2018-12-14 08:14:13', '2018-12-14 08:14:13', NULL),
(276, 'D', 19, 3, 1, 223, '2018-12-14 08:14:13', '2018-12-14 08:14:13', NULL),
(277, 'E', 19, 3, 1, 223, '2018-12-14 08:14:13', '2018-12-14 08:14:13', NULL),
(278, 'F', 19, 3, 1, 223, '2018-12-14 08:14:13', '2018-12-14 08:14:13', NULL),
(279, 'A', 20, 3, 1, 223, '2018-12-14 08:14:13', '2018-12-14 08:14:13', NULL),
(280, 'B', 20, 3, 1, 223, '2018-12-14 08:14:13', '2018-12-14 08:14:13', NULL),
(281, 'C', 20, 3, 1, 223, '2018-12-14 08:14:13', '2018-12-14 08:14:13', NULL),
(282, 'D', 20, 3, 1, 223, '2018-12-14 08:14:13', '2018-12-14 08:14:13', NULL),
(283, 'E', 20, 3, 1, 223, '2018-12-14 08:14:13', '2018-12-14 08:14:13', NULL),
(284, 'F', 20, 3, 1, 223, '2018-12-14 08:14:13', '2018-12-14 08:14:13', NULL),
(285, 'A', 21, 3, 1, 223, '2018-12-14 08:14:13', '2018-12-14 08:14:13', NULL),
(286, 'B', 21, 3, 1, 223, '2018-12-14 08:14:13', '2018-12-14 08:14:13', NULL),
(287, 'C', 21, 3, 1, 223, '2018-12-14 08:14:13', '2018-12-14 08:14:13', NULL),
(288, 'D', 21, 3, 1, 223, '2018-12-14 08:14:13', '2018-12-14 08:14:13', NULL),
(289, 'E', 21, 3, 1, 223, '2018-12-14 08:14:13', '2018-12-14 08:14:13', NULL),
(290, 'F', 21, 3, 1, 223, '2018-12-14 08:14:13', '2018-12-14 08:14:13', NULL),
(291, 'A', 22, 3, 1, 223, '2018-12-14 08:14:13', '2018-12-14 08:14:13', NULL),
(292, 'B', 22, 3, 1, 223, '2018-12-14 08:14:13', '2018-12-14 08:14:13', NULL),
(293, 'C', 22, 3, 1, 223, '2018-12-14 08:14:13', '2018-12-14 08:14:13', NULL),
(294, 'D', 22, 3, 1, 223, '2018-12-14 08:14:13', '2018-12-14 08:14:13', NULL),
(295, 'E', 22, 3, 1, 223, '2018-12-14 08:14:13', '2018-12-14 08:14:13', NULL),
(296, 'F', 22, 3, 1, 223, '2018-12-14 08:14:13', '2018-12-14 08:14:13', NULL),
(297, 'A', 23, 3, 1, 223, '2018-12-14 08:14:13', '2018-12-14 08:14:13', NULL),
(298, 'B', 23, 3, 1, 223, '2018-12-14 08:14:13', '2018-12-14 08:14:13', NULL),
(299, 'C', 23, 3, 1, 223, '2018-12-14 08:14:13', '2018-12-14 08:14:13', NULL),
(300, 'D', 23, 3, 1, 223, '2018-12-14 08:14:13', '2018-12-14 08:14:13', NULL),
(301, 'E', 23, 3, 1, 223, '2018-12-14 08:14:13', '2018-12-14 08:14:13', NULL),
(302, 'F', 23, 3, 1, 223, '2018-12-14 08:14:13', '2018-12-14 08:14:13', NULL),
(303, 'A', 24, 3, 1, 223, '2018-12-14 08:14:13', '2018-12-14 08:14:13', NULL),
(304, 'B', 24, 3, 1, 223, '2018-12-14 08:14:13', '2018-12-14 08:14:13', NULL),
(305, 'C', 24, 3, 1, 223, '2018-12-14 08:14:13', '2018-12-14 08:14:13', NULL),
(306, 'D', 24, 3, 1, 223, '2018-12-14 08:14:13', '2018-12-14 08:14:13', NULL),
(307, 'E', 24, 3, 1, 223, '2018-12-14 08:14:13', '2018-12-14 08:14:13', NULL),
(308, 'F', 24, 3, 1, 223, '2018-12-14 08:14:13', '2018-12-14 08:14:13', NULL),
(309, 'A', 25, 3, 1, 223, '2018-12-14 08:14:13', '2018-12-14 08:14:13', NULL),
(310, 'B', 25, 3, 1, 223, '2018-12-14 08:14:13', '2018-12-14 08:14:13', NULL),
(311, 'C', 25, 3, 1, 223, '2018-12-14 08:14:13', '2018-12-14 08:14:13', NULL),
(312, 'D', 25, 3, 1, 223, '2018-12-14 08:14:13', '2018-12-14 08:14:13', NULL),
(313, 'E', 25, 3, 1, 223, '2018-12-14 08:14:13', '2018-12-14 08:14:13', NULL),
(314, 'F', 25, 3, 1, 223, '2018-12-14 08:14:13', '2018-12-14 08:14:13', NULL),
(315, 'A', 26, 3, 1, 223, '2018-12-14 08:14:13', '2018-12-14 08:14:13', NULL),
(316, 'B', 26, 3, 1, 223, '2018-12-14 08:14:13', '2018-12-14 08:14:13', NULL),
(317, 'C', 26, 3, 1, 223, '2018-12-14 08:14:13', '2018-12-14 08:14:13', NULL),
(318, 'D', 26, 3, 1, 223, '2018-12-14 08:14:13', '2018-12-14 08:14:13', NULL),
(319, 'E', 26, 3, 1, 223, '2018-12-14 08:14:13', '2018-12-14 08:14:13', NULL),
(320, 'F', 26, 3, 1, 223, '2018-12-14 08:14:13', '2018-12-14 08:14:13', NULL),
(321, 'A', 27, 3, 1, 223, '2018-12-14 08:14:13', '2018-12-14 08:14:13', NULL),
(322, 'B', 27, 3, 1, 223, '2018-12-14 08:14:13', '2018-12-14 08:14:13', NULL),
(323, 'C', 27, 3, 1, 223, '2018-12-14 08:14:13', '2018-12-14 08:14:13', NULL),
(324, 'D', 27, 3, 1, 223, '2018-12-14 08:14:13', '2018-12-14 08:14:13', NULL),
(325, 'E', 27, 3, 1, 223, '2018-12-14 08:14:13', '2018-12-14 08:14:13', NULL),
(326, 'F', 27, 3, 1, 223, '2018-12-14 08:14:13', '2018-12-14 08:14:13', NULL),
(327, 'A', 28, 3, 1, 223, '2018-12-14 08:14:13', '2018-12-14 08:14:13', NULL),
(328, 'B', 28, 3, 1, 223, '2018-12-14 08:14:13', '2018-12-14 08:14:13', NULL),
(329, 'C', 28, 3, 1, 223, '2018-12-14 08:14:13', '2018-12-14 08:14:13', NULL),
(330, 'D', 28, 3, 1, 223, '2018-12-14 08:14:13', '2018-12-14 08:14:13', NULL),
(331, 'E', 28, 3, 1, 223, '2018-12-14 08:14:13', '2018-12-14 08:14:13', NULL),
(332, 'F', 28, 3, 1, 223, '2018-12-14 08:14:13', '2018-12-14 08:14:13', NULL),
(333, 'A', 29, 3, 1, 223, '2018-12-14 08:14:13', '2018-12-14 08:14:13', NULL),
(334, 'B', 29, 3, 1, 223, '2018-12-14 08:14:13', '2018-12-14 08:14:13', NULL),
(335, 'C', 29, 3, 1, 223, '2018-12-14 08:14:13', '2018-12-14 08:14:13', NULL),
(336, 'D', 29, 3, 1, 223, '2018-12-14 08:14:13', '2018-12-14 08:14:13', NULL),
(337, 'E', 29, 3, 1, 223, '2018-12-14 08:14:13', '2018-12-14 08:14:13', NULL),
(338, 'F', 29, 3, 1, 223, '2018-12-14 08:14:13', '2018-12-14 08:14:13', NULL),
(339, 'A', 30, 3, 1, 223, '2018-12-14 08:14:13', '2018-12-14 08:14:13', NULL),
(340, 'B', 30, 3, 1, 223, '2018-12-14 08:14:13', '2018-12-14 08:14:13', NULL),
(341, 'C', 30, 3, 1, 223, '2018-12-14 08:14:13', '2018-12-14 08:14:13', NULL),
(342, 'D', 30, 3, 1, 223, '2018-12-14 08:14:13', '2018-12-14 08:14:13', NULL),
(343, 'E', 30, 3, 1, 223, '2018-12-14 08:14:13', '2018-12-14 08:14:13', NULL),
(344, 'F', 30, 3, 1, 223, '2018-12-14 08:14:13', '2018-12-14 08:14:13', NULL);

-- --------------------------------------------------------

--
-- Table structure for table `seattype`
--

CREATE TABLE `seattype` (
  `id` int(11) NOT NULL,
  `name` varchar(250) NOT NULL,
  `description` varchar(500) NOT NULL,
  `updated_at` datetime NOT NULL,
  `created_at` datetime NOT NULL
) ENGINE=InnoDB DEFAULT CHARSET=latin1;

--
-- Dumping data for table `seattype`
--

INSERT INTO `seattype` (`id`, `name`, `description`, `updated_at`, `created_at`) VALUES
(1, 'First', '2x as much recline than Main Cabin and 8\" legroom. Complimentary alcoholic and fountain beverages. ', '2018-12-14 08:14:13', '2018-12-14 08:14:13'),
(2, 'Business', '2x as much recline than Main Cabin and 4\" legroom. Complimentary alcoholic and fountain beverages. Luxury pillows and blankets. ', '2018-12-14 08:14:13', '2018-12-14 08:14:13'),
(3, 'Economy', 'Complimentary fountain beverages and snacks. ', '2018-12-14 08:14:13', '2018-12-14 08:14:13');

-- --------------------------------------------------------

--
-- Table structure for table `seat_types`
--

CREATE TABLE `seat_types` (
  `id` int(10) UNSIGNED NOT NULL,
  `created_at` timestamp NULL DEFAULT NULL,
  `updated_at` timestamp NULL DEFAULT NULL
) ENGINE=InnoDB DEFAULT CHARSET=utf8mb4 COLLATE=utf8mb4_unicode_ci;

-- --------------------------------------------------------

--
-- Table structure for table `users`
--

CREATE TABLE `users` (
  `id` int(10) UNSIGNED NOT NULL,
  `firstname` varchar(191) COLLATE utf8mb4_unicode_ci NOT NULL,
  `lastname` varchar(191) COLLATE utf8mb4_unicode_ci NOT NULL,
  `email` varchar(191) COLLATE utf8mb4_unicode_ci NOT NULL,
  `email_verified_at` timestamp NULL DEFAULT NULL,
  `password` varchar(191) COLLATE utf8mb4_unicode_ci NOT NULL,
  `remember_token` varchar(100) COLLATE utf8mb4_unicode_ci DEFAULT NULL,
  `phone` varchar(15) COLLATE utf8mb4_unicode_ci DEFAULT NULL,
  `gender` varchar(15) COLLATE utf8mb4_unicode_ci DEFAULT NULL,
  `birthdate` date DEFAULT NULL,
  `created_at` timestamp NULL DEFAULT NULL,
  `updated_at` timestamp NULL DEFAULT NULL
) ENGINE=InnoDB DEFAULT CHARSET=utf8mb4 COLLATE=utf8mb4_unicode_ci;

--
-- Dumping data for table `users`
--

INSERT INTO `users` (`id`, `firstname`, `lastname`, `email`, `email_verified_at`, `password`, `remember_token`, `phone`, `gender`, `birthdate`, `created_at`, `updated_at`) VALUES
(1, 'Kierra', 'Palmer', 'test@test.com', NULL, '$2y$10$JJjh6FrjfnWKxqgspGQdiurhdfSNDgycZJ.PllEYvOTt3n1HXxkH.', 'bsnOl6XwUHpxGn7mkg2WONJQLR2js6VWpYmss87343duA2GMo194nbekIRdq', '333-445-3432', 'Female', '1940-02-21', '2018-12-08 01:22:26', '2018-12-12 23:21:07'),
(2, 'Alice', 'Palmer', 'alice@dog.com', NULL, '$2y$10$BQzjqvlQ4QheS.m8pDLjwObMj8RGdPyw2u.0yF9k9wjRtlYAWeqAS', 'iV4HgigsJelrbnFh1Xs5toJshNq6kMrmrzhbnAc2rLC3XL9b07LpUa9XNP1t', NULL, 'Other', NULL, '2018-12-09 21:49:40', '2018-12-14 14:54:12');

--
-- Indexes for dumped tables
--

--
-- Indexes for table `airplanes`
--
ALTER TABLE `airplanes`
  ADD PRIMARY KEY (`id`);

--
-- Indexes for table `migrations`
--
ALTER TABLE `migrations`
  ADD PRIMARY KEY (`id`);

--
-- Indexes for table `oauth_access_tokens`
--
ALTER TABLE `oauth_access_tokens`
  ADD PRIMARY KEY (`id`),
  ADD KEY `oauth_access_tokens_user_id_index` (`user_id`);

--
-- Indexes for table `oauth_auth_codes`
--
ALTER TABLE `oauth_auth_codes`
  ADD PRIMARY KEY (`id`);

--
-- Indexes for table `oauth_clients`
--
ALTER TABLE `oauth_clients`
  ADD PRIMARY KEY (`id`),
  ADD KEY `oauth_clients_user_id_index` (`user_id`);

--
-- Indexes for table `oauth_personal_access_clients`
--
ALTER TABLE `oauth_personal_access_clients`
  ADD PRIMARY KEY (`id`),
  ADD KEY `oauth_personal_access_clients_client_id_index` (`client_id`);

--
-- Indexes for table `oauth_refresh_tokens`
--
ALTER TABLE `oauth_refresh_tokens`
  ADD PRIMARY KEY (`id`),
  ADD KEY `oauth_refresh_tokens_access_token_id_index` (`access_token_id`);

--
-- Indexes for table `password_resets`
--
ALTER TABLE `password_resets`
  ADD KEY `password_resets_email_index` (`email`);

--
-- Indexes for table `profiles`
--
ALTER TABLE `profiles`
  ADD PRIMARY KEY (`id`);

--
-- Indexes for table `seats`
--
ALTER TABLE `seats`
  ADD PRIMARY KEY (`id`);

--
-- Indexes for table `seattype`
--
ALTER TABLE `seattype`
  ADD PRIMARY KEY (`id`);

--
-- Indexes for table `seat_types`
--
ALTER TABLE `seat_types`
  ADD PRIMARY KEY (`id`);

--
-- Indexes for table `users`
--
ALTER TABLE `users`
  ADD PRIMARY KEY (`id`),
  ADD UNIQUE KEY `users_email_unique` (`email`);

--
-- AUTO_INCREMENT for dumped tables
--

--
-- AUTO_INCREMENT for table `airplanes`
--
ALTER TABLE `airplanes`
  MODIFY `id` int(10) UNSIGNED NOT NULL AUTO_INCREMENT;

--
-- AUTO_INCREMENT for table `migrations`
--
ALTER TABLE `migrations`
  MODIFY `id` int(10) UNSIGNED NOT NULL AUTO_INCREMENT, AUTO_INCREMENT=20;

--
-- AUTO_INCREMENT for table `oauth_clients`
--
ALTER TABLE `oauth_clients`
  MODIFY `id` int(10) UNSIGNED NOT NULL AUTO_INCREMENT;

--
-- AUTO_INCREMENT for table `oauth_personal_access_clients`
--
ALTER TABLE `oauth_personal_access_clients`
  MODIFY `id` int(10) UNSIGNED NOT NULL AUTO_INCREMENT;

--
-- AUTO_INCREMENT for table `profiles`
--
ALTER TABLE `profiles`
  MODIFY `id` int(10) UNSIGNED NOT NULL AUTO_INCREMENT;

--
-- AUTO_INCREMENT for table `seats`
--
ALTER TABLE `seats`
  MODIFY `id` int(11) NOT NULL AUTO_INCREMENT, AUTO_INCREMENT=345;

--
-- AUTO_INCREMENT for table `seattype`
--
ALTER TABLE `seattype`
  MODIFY `id` int(11) NOT NULL AUTO_INCREMENT, AUTO_INCREMENT=4;

--
-- AUTO_INCREMENT for table `seat_types`
--
ALTER TABLE `seat_types`
  MODIFY `id` int(10) UNSIGNED NOT NULL AUTO_INCREMENT;

--
-- AUTO_INCREMENT for table `users`
--
ALTER TABLE `users`
  MODIFY `id` int(10) UNSIGNED NOT NULL AUTO_INCREMENT, AUTO_INCREMENT=3;
COMMIT;

/*!40101 SET CHARACTER_SET_CLIENT=@OLD_CHARACTER_SET_CLIENT */;
/*!40101 SET CHARACTER_SET_RESULTS=@OLD_CHARACTER_SET_RESULTS */;
/*!40101 SET COLLATION_CONNECTION=@OLD_COLLATION_CONNECTION */;
